{
  "_format": "hh-sol-cache-2",
  "files": {
    "E:\\Blockchain\\arbitrage bot\\dex-arbitrage-1\\contracts\\FlashLoanSwap.sol": {
      "lastModificationDate": 1646218613989,
      "contentHash": "d0dd149ad7246f0caeb06274a5ddd276",
      "sourceName": "contracts/FlashLoanSwap.sol",
      "solcConfig": {
        "version": "0.6.6",
        "settings": {
          "optimizer": {
            "enabled": false,
            "runs": 200
          },
          "outputSelection": {
            "*": {
              "*": [
                "abi",
                "evm.bytecode",
                "evm.deployedBytecode",
                "evm.methodIdentifiers",
                "metadata"
              ],
              "": [
                "ast"
              ]
            }
          }
        }
      },
      "imports": [
        "./interfaces/aave/FlashLoanReceiverBase.sol",
        "./interfaces/aave/ILendingPool.sol",
        "./interfaces/aave/ILendingPoolAddressesProvider.sol",
        "./interfaces/IERC20.sol",
        "@uniswap/v2-periphery/contracts/interfaces/IUniswapV2Router02.sol",
        "hardhat/console.sol"
      ],
      "versionPragmas": [
        "0.6.6"
      ],
      "artifacts": [
        "FlashLoanSwap"
      ]
    },
    "E:\\Blockchain\\arbitrage bot\\dex-arbitrage-1\\contracts\\interfaces\\aave\\FlashLoanReceiverBase.sol": {
      "lastModificationDate": 1646218613992,
      "contentHash": "58596309d612cd1cc9b6aa1909aa5ec6",
      "sourceName": "contracts/interfaces/aave/FlashLoanReceiverBase.sol",
      "solcConfig": {
        "version": "0.6.6",
        "settings": {
          "optimizer": {
            "enabled": false,
            "runs": 200
          },
          "outputSelection": {
            "*": {
              "*": [
                "abi",
                "evm.bytecode",
                "evm.deployedBytecode",
                "evm.methodIdentifiers",
                "metadata"
              ],
              "": [
                "ast"
              ]
            }
          }
        }
      },
      "imports": [
        "../SafeMath.sol",
        "../IERC20.sol",
        "../SafeERC20.sol",
        "./IFlashLoanReceiver.sol",
        "./ILendingPoolAddressesProvider.sol",
        "./ILendingPool.sol"
      ],
      "versionPragmas": [
        "^0.6.6"
      ],
      "artifacts": [
        "FlashLoanReceiverBase"
      ]
    },
    "E:\\Blockchain\\arbitrage bot\\dex-arbitrage-1\\contracts\\interfaces\\aave\\ILendingPool.sol": {
      "lastModificationDate": 1646218613993,
      "contentHash": "7ca7eeda73b96f8b0314cfc7fec1a2be",
      "sourceName": "contracts/interfaces/aave/ILendingPool.sol",
      "solcConfig": {
        "version": "0.6.6",
        "settings": {
          "optimizer": {
            "enabled": false,
            "runs": 200
          },
          "outputSelection": {
            "*": {
              "*": [
                "abi",
                "evm.bytecode",
                "evm.deployedBytecode",
                "evm.methodIdentifiers",
                "metadata"
              ],
              "": [
                "ast"
              ]
            }
          }
        }
      },
      "imports": [
        "./ILendingPoolAddressesProvider.sol",
        "./DataTypes.sol"
      ],
      "versionPragmas": [
        "0.6.6"
      ],
      "artifacts": [
        "ILendingPool"
      ]
    },
    "E:\\Blockchain\\arbitrage bot\\dex-arbitrage-1\\contracts\\interfaces\\aave\\ILendingPoolAddressesProvider.sol": {
      "lastModificationDate": 1646218613993,
      "contentHash": "b4bdad201138be0a511cc2db094d2403",
      "sourceName": "contracts/interfaces/aave/ILendingPoolAddressesProvider.sol",
      "solcConfig": {
        "version": "0.6.6",
        "settings": {
          "optimizer": {
            "enabled": false,
            "runs": 200
          },
          "outputSelection": {
            "*": {
              "*": [
                "abi",
                "evm.bytecode",
                "evm.deployedBytecode",
                "evm.methodIdentifiers",
                "metadata"
              ],
              "": [
                "ast"
              ]
            }
          }
        }
      },
      "imports": [],
      "versionPragmas": [
        "0.6.6"
      ],
      "artifacts": [
        "ILendingPoolAddressesProvider"
      ]
    },
    "E:\\Blockchain\\arbitrage bot\\dex-arbitrage-1\\contracts\\interfaces\\IERC20.sol": {
      "lastModificationDate": 1646218613990,
      "contentHash": "5377c610107ab651454cc0bbfde94057",
      "sourceName": "contracts/interfaces/IERC20.sol",
      "solcConfig": {
        "version": "0.6.6",
        "settings": {
          "optimizer": {
            "enabled": false,
            "runs": 200
          },
          "outputSelection": {
            "*": {
              "*": [
                "abi",
                "evm.bytecode",
                "evm.deployedBytecode",
                "evm.methodIdentifiers",
                "metadata"
              ],
              "": [
                "ast"
              ]
            }
          }
        }
      },
      "imports": [],
      "versionPragmas": [
        "0.6.6"
      ],
      "artifacts": [
        "IERC20"
      ]
    },
    "E:\\Blockchain\\arbitrage bot\\dex-arbitrage-1\\contracts\\interfaces\\SafeMath.sol": {
      "lastModificationDate": 1646218613991,
      "contentHash": "4f08a86b732740e8c92ec4ac2f038b51",
      "sourceName": "contracts/interfaces/SafeMath.sol",
      "solcConfig": {
        "version": "0.6.6",
        "settings": {
          "optimizer": {
            "enabled": false,
            "runs": 200
          },
          "outputSelection": {
            "*": {
              "*": [
                "abi",
                "evm.bytecode",
                "evm.deployedBytecode",
                "evm.methodIdentifiers",
                "metadata"
              ],
              "": [
                "ast"
              ]
            }
          }
        }
      },
      "imports": [],
      "versionPragmas": [
        "0.6.6"
      ],
      "artifacts": [
        "SafeMath"
      ]
    },
    "E:\\Blockchain\\arbitrage bot\\dex-arbitrage-1\\contracts\\interfaces\\SafeERC20.sol": {
      "lastModificationDate": 1646218613991,
      "contentHash": "68019158e817d095b5f2a1a9fb3e2752",
      "sourceName": "contracts/interfaces/SafeERC20.sol",
      "solcConfig": {
        "version": "0.6.6",
        "settings": {
          "optimizer": {
            "enabled": false,
            "runs": 200
          },
          "outputSelection": {
            "*": {
              "*": [
                "abi",
                "evm.bytecode",
                "evm.deployedBytecode",
                "evm.methodIdentifiers",
                "metadata"
              ],
              "": [
                "ast"
              ]
            }
          }
        }
      },
      "imports": [
        "./IERC20.sol",
        "./SafeMath.sol",
        "./Address.sol"
      ],
      "versionPragmas": [
        "0.6.6"
      ],
      "artifacts": [
        "SafeERC20"
      ]
    },
    "E:\\Blockchain\\arbitrage bot\\dex-arbitrage-1\\contracts\\interfaces\\aave\\IFlashLoanReceiver.sol": {
      "lastModificationDate": 1646218613992,
      "contentHash": "09c11ba110258a25090a00d7cff180f8",
      "sourceName": "contracts/interfaces/aave/IFlashLoanReceiver.sol",
      "solcConfig": {
        "version": "0.6.6",
        "settings": {
          "optimizer": {
            "enabled": false,
            "runs": 200
          },
          "outputSelection": {
            "*": {
              "*": [
                "abi",
                "evm.bytecode",
                "evm.deployedBytecode",
                "evm.methodIdentifiers",
                "metadata"
              ],
              "": [
                "ast"
              ]
            }
          }
        }
      },
      "imports": [
        "./ILendingPoolAddressesProvider.sol",
        "./ILendingPool.sol"
      ],
      "versionPragmas": [
        "0.6.6"
      ],
      "artifacts": [
        "IFlashLoanReceiver"
      ]
    },
    "E:\\Blockchain\\arbitrage bot\\dex-arbitrage-1\\contracts\\interfaces\\Address.sol": {
      "lastModificationDate": 1646218613990,
      "contentHash": "a5b439cef27a34905aabb3aa625666c4",
      "sourceName": "contracts/interfaces/Address.sol",
      "solcConfig": {
        "version": "0.6.6",
        "settings": {
          "optimizer": {
            "enabled": false,
            "runs": 200
          },
          "outputSelection": {
            "*": {
              "*": [
                "abi",
                "evm.bytecode",
                "evm.deployedBytecode",
                "evm.methodIdentifiers",
                "metadata"
              ],
              "": [
                "ast"
              ]
            }
          }
        }
      },
      "imports": [],
      "versionPragmas": [
        "0.6.6"
      ],
      "artifacts": [
        "Address"
      ]
    },
    "E:\\Blockchain\\arbitrage bot\\dex-arbitrage-1\\contracts\\interfaces\\aave\\DataTypes.sol": {
      "lastModificationDate": 1646218613992,
      "contentHash": "842762ef0ca3f093d7524f21bd49202f",
      "sourceName": "contracts/interfaces/aave/DataTypes.sol",
      "solcConfig": {
        "version": "0.6.6",
        "settings": {
          "optimizer": {
            "enabled": false,
            "runs": 200
          },
          "outputSelection": {
            "*": {
              "*": [
                "abi",
                "evm.bytecode",
                "evm.deployedBytecode",
                "evm.methodIdentifiers",
                "metadata"
              ],
              "": [
                "ast"
              ]
            }
          }
        }
      },
      "imports": [],
      "versionPragmas": [
        "0.6.6"
      ],
      "artifacts": [
        "DataTypes"
      ]
    },
    "E:\\Blockchain\\arbitrage bot\\dex-arbitrage-1\\contracts\\FlashSwap.sol": {
      "lastModificationDate": 1651466535988,
      "contentHash": "1e8c455f6c10f9d5fbd7505e419cb6ea",
      "sourceName": "contracts/FlashSwap.sol",
      "solcConfig": {
        "version": "0.6.6",
        "settings": {
          "optimizer": {
            "enabled": false,
            "runs": 200
          },
          "outputSelection": {
            "*": {
              "*": [
                "abi",
                "evm.bytecode",
                "evm.deployedBytecode",
                "evm.methodIdentifiers",
                "metadata"
              ],
              "": [
                "ast"
              ]
            }
          }
        }
      },
      "imports": [
        "@uniswap/v2-core/contracts/interfaces/IUniswapV2Pair.sol",
        "@uniswap/v2-core/contracts/interfaces/IUniswapV2Factory.sol",
        "@uniswap/v2-periphery/contracts/interfaces/IUniswapV2Router02.sol",
        "@uniswap/v2-periphery/contracts/libraries/UniswapV2Library.sol",
        "@uniswap/v2-periphery/contracts/interfaces/IERC20.sol",
        "hardhat/console.sol"
      ],
      "versionPragmas": [
        "=0.6.6"
      ],
      "artifacts": [
        "FlashSwap"
      ]
    },
    "E:\\Blockchain\\arbitrage bot\\dex-arbitrage-1\\node_modules\\@uniswap\\v2-periphery\\contracts\\libraries\\UniswapV2Library.sol": {
      "lastModificationDate": 1646291262560,
      "contentHash": "b545c97573c8aa5876a4f9e25f28a732",
      "sourceName": "@uniswap/v2-periphery/contracts/libraries/UniswapV2Library.sol",
      "solcConfig": {
        "version": "0.6.6",
        "settings": {
          "optimizer": {
            "enabled": false,
            "runs": 200
          },
          "outputSelection": {
            "*": {
              "*": [
                "abi",
                "evm.bytecode",
                "evm.deployedBytecode",
                "evm.methodIdentifiers",
                "metadata"
              ],
              "": [
                "ast"
              ]
            }
          }
        }
      },
      "imports": [
        "@uniswap/v2-core/contracts/interfaces/IUniswapV2Pair.sol",
        "./SafeMath.sol"
      ],
      "versionPragmas": [
        ">=0.5.0"
      ],
      "artifacts": [
        "UniswapV2Library"
      ]
    },
    "E:\\Blockchain\\arbitrage bot\\dex-arbitrage-1\\node_modules\\@uniswap\\v2-periphery\\contracts\\libraries\\SafeMath.sol": {
      "lastModificationDate": 1646291262219,
      "contentHash": "9f77127a0e2c55c2058453327e84bde3",
      "sourceName": "@uniswap/v2-periphery/contracts/libraries/SafeMath.sol",
      "solcConfig": {
        "version": "0.6.6",
        "settings": {
          "optimizer": {
            "enabled": false,
            "runs": 200
          },
          "outputSelection": {
            "*": {
              "*": [
                "abi",
                "evm.bytecode",
                "evm.deployedBytecode",
                "evm.methodIdentifiers",
                "metadata"
              ],
              "": [
                "ast"
              ]
            }
          }
        }
      },
      "imports": [],
      "versionPragmas": [
        "=0.6.6"
      ],
      "artifacts": [
        "SafeMath"
      ]
    },
    "E:\\Blockchain\\arbitrage bot\\dex-arbitrage-1\\node_modules\\hardhat\\console.sol": {
      "lastModificationDate": 1646291360730,
      "contentHash": "cc4777addd464ea56fa35b1c45df0591",
      "sourceName": "hardhat/console.sol",
      "solcConfig": {
        "version": "0.7.0",
        "settings": {
          "optimizer": {
            "enabled": false,
            "runs": 200
          },
          "outputSelection": {
            "*": {
              "*": [
                "abi",
                "evm.bytecode",
                "evm.deployedBytecode",
                "evm.methodIdentifiers",
                "metadata"
              ],
              "": [
                "ast"
              ]
            }
          }
        }
      },
      "imports": [],
      "versionPragmas": [
        ">=0.4.22 <0.9.0"
      ],
      "artifacts": [
        "console"
      ]
    },
    "E:\\Blockchain\\arbitrage bot\\dex-arbitrage-1\\node_modules\\@uniswap\\v2-periphery\\contracts\\interfaces\\IERC20.sol": {
      "lastModificationDate": 1646291261538,
      "contentHash": "3d2b948a9266ee66b6e739de97c7e6e9",
      "sourceName": "@uniswap/v2-periphery/contracts/interfaces/IERC20.sol",
      "solcConfig": {
        "version": "0.7.0",
        "settings": {
          "optimizer": {
            "enabled": false,
            "runs": 200
          },
          "outputSelection": {
            "*": {
              "*": [
                "abi",
                "evm.bytecode",
                "evm.deployedBytecode",
                "evm.methodIdentifiers",
                "metadata"
              ],
              "": [
                "ast"
              ]
            }
          }
        }
      },
      "imports": [],
      "versionPragmas": [
        ">=0.5.0"
      ],
      "artifacts": [
        "IERC20"
      ]
    },
    "E:\\Blockchain\\arbitrage bot\\dex-arbitrage-1\\node_modules\\@uniswap\\v2-core\\contracts\\interfaces\\IUniswapV2Pair.sol": {
      "lastModificationDate": 1646291240350,
      "contentHash": "3fa31c3860f2b9585c3a98c64850829e",
      "sourceName": "@uniswap/v2-core/contracts/interfaces/IUniswapV2Pair.sol",
      "solcConfig": {
        "version": "0.7.0",
        "settings": {
          "optimizer": {
            "enabled": false,
            "runs": 200
          },
          "outputSelection": {
            "*": {
              "*": [
                "abi",
                "evm.bytecode",
                "evm.deployedBytecode",
                "evm.methodIdentifiers",
                "metadata"
              ],
              "": [
                "ast"
              ]
            }
          }
        }
      },
      "imports": [],
      "versionPragmas": [
        ">=0.5.0"
      ],
      "artifacts": [
        "IUniswapV2Pair"
      ]
    },
    "E:\\Blockchain\\arbitrage bot\\dex-arbitrage-1\\node_modules\\@uniswap\\v2-periphery\\contracts\\interfaces\\IUniswapV2Router02.sol": {
      "lastModificationDate": 1646291262009,
      "contentHash": "3fd36426274a5b35f7e702f87ba08a8e",
      "sourceName": "@uniswap/v2-periphery/contracts/interfaces/IUniswapV2Router02.sol",
      "solcConfig": {
        "version": "0.7.0",
        "settings": {
          "optimizer": {
            "enabled": false,
            "runs": 200
          },
          "outputSelection": {
            "*": {
              "*": [
                "abi",
                "evm.bytecode",
                "evm.deployedBytecode",
                "evm.methodIdentifiers",
                "metadata"
              ],
              "": [
                "ast"
              ]
            }
          }
        }
      },
      "imports": [
        "./IUniswapV2Router01.sol"
      ],
      "versionPragmas": [
        ">=0.6.2"
      ],
      "artifacts": [
        "IUniswapV2Router02"
      ]
    },
    "E:\\Blockchain\\arbitrage bot\\dex-arbitrage-1\\node_modules\\@uniswap\\v2-periphery\\contracts\\interfaces\\IUniswapV2Router01.sol": {
      "lastModificationDate": 1646291261916,
      "contentHash": "95d8729b2c698dc663322167b3c085fe",
      "sourceName": "@uniswap/v2-periphery/contracts/interfaces/IUniswapV2Router01.sol",
      "solcConfig": {
        "version": "0.7.0",
        "settings": {
          "optimizer": {
            "enabled": false,
            "runs": 200
          },
          "outputSelection": {
            "*": {
              "*": [
                "abi",
                "evm.bytecode",
                "evm.deployedBytecode",
                "evm.methodIdentifiers",
                "metadata"
              ],
              "": [
                "ast"
              ]
            }
          }
        }
      },
      "imports": [],
      "versionPragmas": [
        ">=0.6.2"
      ],
      "artifacts": [
        "IUniswapV2Router01"
      ]
    },
    "E:\\Blockchain\\arbitrage bot\\dex-arbitrage-1\\node_modules\\@uniswap\\v2-core\\contracts\\interfaces\\IUniswapV2Factory.sol": {
      "lastModificationDate": 1646291240309,
      "contentHash": "ec39b5372f4f4d52101b4da561e2aee6",
      "sourceName": "@uniswap/v2-core/contracts/interfaces/IUniswapV2Factory.sol",
      "solcConfig": {
        "version": "0.7.0",
        "settings": {
          "optimizer": {
            "enabled": false,
            "runs": 200
          },
          "outputSelection": {
            "*": {
              "*": [
                "abi",
                "evm.bytecode",
                "evm.deployedBytecode",
                "evm.methodIdentifiers",
                "metadata"
              ],
              "": [
                "ast"
              ]
            }
          }
        }
      },
      "imports": [],
      "versionPragmas": [
        ">=0.5.0"
      ],
      "artifacts": [
        "IUniswapV2Factory"
      ]
    }
  }
}
