{
	"AAVE": {
		"address": "0x7fc66500c84a76ad7e9c93437bfc5ac33e2ddae9",
		"name": "Aave Token",
		"symbol": "AAVE",
		"decimals": 18
	},
	"BAL": {
		"address": "0xba100000625a3754423978a60c9317c58a424e3D",
		"name": "Balancer",
		"symbol": "BAL",
		"decimals": 18
	},
	"BAT": {
		"address": "0x0D8775F648430679A709E98d2b0Cb6250d2887EF",
		"name": "Basic Attention Token",
		"symbol": "BAT",
		"decimals": 18
	},
	"LINK": {
		"address": "0x514910771af9ca656af840dff83e8264ecf986ca",
		"name": "ChainLink Token",
		"symbol": "LINK",
		"decimals": 18
	},
	"COMP": {
		"address": "0xc00e94cb662c3520282e6f5717214004a7f26888",
		"name": "Compound",
		"symbol": "COMP",
		"decimals": 18
	},
	"CRV": {
		"address": "0xd533a949740bb3306d119cc777fa900ba034cd52",
		"name": "Curve DAO Token",
		"symbol": "CRV",
		"decimals": 18
	},
	"DAI": {
		"address": "0x6B175474E89094C44Da98b954EedeAC495271d0F",
		"name": "Dai Stablecoin",
		"symbol": "DAI",
		"decimals": 18
	},
	"FEI": {
		"address": "0x956f47f50a910163d8bf957cf5846d573e7f87ca",
		"name": "Fei USD",
		"symbol": "FEI",
		"decimals": 18
	},
	"FNK": {
		"address": "0xb5fe099475d3030dde498c3bb6f3854f762a48ad",
		"name": "Finiko",
		"symbol": "FNK",
		"decimals": 18
	},
	"GTC": {
		"address": "0xDe30da39c46104798bB5aA3fe8B9e0e1F348163F",
		"name": "Gitcoin",
		"symbol": "GTC",
		"decimals": 18
	},
	"MATIC": {
		"address": "0x7D1AfA7B718fb893dB30A3aBc0Cfc608AaCfeBB0",
		"name": "Matic Token",
		"symbol": "MATIC",
		"decimals": 18
	},
	"OHM": {
		"address": "0x383518188c0c6d7730d91b2c03a03c837814a899",
		"name": "Olympus",
		"symbol": "OHM",
		"decimals": 9
	},
	"PAR": {
		"address": "0x68037790A0229e9Ce6EaA8A99ea92964106C4703",
		"name": "PAR Stablecoin",
		"symbol": "PAR",
		"decimals": 18
	},
	"REN": {
		"address": "0x408e41876cCCDC0F92210600ef50372656052a38",
		"name": "Republic Token",
		"symbol": "REN",
		"decimals": 18
	},
	"SAND": {
		"address": "0x3845badade8e6dff049820680d1f14bd3903a5d0",
		"name": "SAND",
		"symbol": "SAND",
		"decimals": 18
	},
	"SHIB": {
		"address": "0x95ad61b0a150d79219dcf64e1e6cc01f0b64c4ce",
		"name": "SHIBA INU",
		"symbol": "SHIB",
		"decimals": 18
	},
	"SUSHI": {
		"address": "0x6b3595068778dd592e39a122f4f5a5cf09c90fe2",
		"name": "SushiToken",
		"symbol": "SUSHI",
		"decimals": 18
	},
	"SNX": {
		"address": "0xc011a73ee8576fb46f5e1c5751ca3b9fe0af2a6f",
		"name": "Synthetix Network Token",
		"symbol": "SNX",
		"decimals": 18
	},
	"USDT": {
		"address": "0xdac17f958d2ee523a2206206994597c13d831ec7",
		"name": "Tether USD",
		"symbol": "USDT",
		"decimals": 6
	},
	"TOMOE": {
		"address": "0x05d3606d5c81eb9b7b18530995ec9b29da05faba",
		"name": "TomoChain",
		"symbol": "TOMOE",
		"decimals": 18
	},
	"UNI": {
		"address": "0x1f9840a85d5af5bf1d1762f925bdaddc4201f984",
		"name": "Uniswap",
		"symbol": "UNI",
		"decimals": 18
	},
	"UNI-V2": {
		"address": "0x9928e4046d7c6513326ccea028cd3e7a91c7590a",
		"name": "Uniswap V2",
		"symbol": "UNI-V2",
		"decimals": 18
	},
	"USDC": {
		"address": "0xa0b86991c6218b36c1d19d4a2e9eb0ce3606eb48",
		"name": "USD Coin",
		"symbol": "USDC",
		"decimals": 6
	},
	"WISE": {
		"address": "0x66a0f676479cee1d7373f3dc2e2952778bff5bd6",
		"name": "Wise Token",
		"symbol": "WISE",
		"decimals": 18
	},
	"WBTC": {
		"address": "0x2260fac5e5542a773aa44fbcfedf7c193bc2c599",
		"name": "Wrapped BTC",
		"symbol": "WBTC",
		"decimals": 8
	},
	"WETH": {
		"address": "0xc02aaa39b223fe8d0a0e5c4f27ead9083c756cc2",
		"name": "Wrapped Ether",
		"symbol": "WETH",
		"decimals": 18
	},
	"YFI": {
		"address": "0x0bc529c00c6401aef6d220be8c6ea1667f6ad93e",
		"name": "yearn.finance",
		"symbol": "YFI",
		"decimals": 18
	}
}